Rk,School_trim,Games,Wins,Losses,Win%,SimpleRatingSystem,StrengthOfSchedule,W_conf,L_conf,W_home,L_home,W_away,L_away,Points_made,Points_allowed.,MP,FG,FGA,FG%,3P,3PA,3P%,FT,FTA,FT%,ORB,TRB,AST,STL,BLK,TOV,PF,OER,DER,PosPG,TotPos
1,Abilene Christian,30,13,17,0.433,-2.56,1.13,5,11,9,5,4,8,2249,2133,1210,812,1800,0.451,211,613,0.344,414,573,0.723,307,972,471,264,71,379,617,107.0340758,101.5134209,70.04,2101.2
2,Air Force,32,14,18,0.438,2.56,2.68,5,13,10,9,4,9,2142,2146,1295,756,1636,0.462,261,733,0.356,369,511,0.722,213,946,491,184,127,391,544,106.1236623,106.3218391,63.075,2018.4
3,Akron,33,22,11,0.667,4.61,-1.23,13,5,15,1,5,6,2463,2209,1330,844,1898,0.445,300,845,0.355,475,643,0.739,335,1178,443,199,87,370,529,112.4554835,100.8583691,66.36969697,2190.2
4,Alabama NCAA,34,29,5,0.853,23.81,10.14,16,2,15,0,9,3,2794,2329,1390,944,2115,0.446,342,1012,0.338,564,777,0.726,434,1508,517,206,172,479,633,113.0807836,94.26096811,72.67058824,2470.8
5,Alabama A&M,33,15,18,0.455,-10.4,-7.33,10,8,9,8,5,8,2297,2340,1336,823,1868,0.441,226,610,0.37,425,649,0.655,334,1079,419,264,133,498,624,100.2356432,102.1120614,69.44242424,2291.6
6,Alabama State,31,8,23,0.258,-15.97,-5.94,6,12,5,5,2,18,1963,2252,1245,683,1821,0.375,185,605,0.306,412,584,0.705,387,1117,309,182,110,414,557,94.30245965,108.1860108,67.1483871,2081.6
7,Albany (NY),31,8,23,0.258,-14.38,-4.55,3,13,5,6,2,16,2086,2332,1245,726,1755,0.414,237,725,0.327,397,550,0.722,317,1033,363,178,51,414,576,100.6756757,112.5482625,66.83870968,2072
8,Alcorn State,31,18,13,0.581,-8.44,-5.92,15,3,7,2,10,9,2112,2190,1261,746,1813,0.411,159,538,0.296,461,637,0.724,368,1050,310,249,79,393,590,100.9174312,104.6444954,67.50967742,2092.8
9,American,32,17,15,0.531,-8.31,-7.78,7,11,8,6,9,9,2093,2110,1300,785,1630,0.482,204,589,0.346,319,455,0.701,259,970,436,238,126,448,482,104.5977011,105.4472764,62.53125,2001
10,Appalachian State,32,16,16,0.5,-1.3,-0.78,9,9,10,7,6,7,2248,2067,1290,819,1854,0.442,243,726,0.335,367,543,0.676,288,1142,417,204,146,352,442,105.2828775,96.80591982,66.725,2135.2
11,Arizona NCAA,34,28,6,0.824,19.95,8.77,14,6,15,2,6,4,2811,2431,1360,999,2015,0.496,292,765,0.382,521,735,0.709,349,1339,652,208,109,455,579,116.3975155,100.6625259,71.02941176,2415
12,Arizona State NCAA,34,22,12,0.647,10.98,8.36,11,9,10,5,7,6,2391,2302,1375,850,2056,0.413,255,813,0.314,436,633,0.689,385,1253,484,247,159,402,630,102.785659,98.95967673,68.41764706,2326.2
13,Arkansas NCAA,33,20,13,0.606,16.62,9.58,8,10,14,3,2,8,2456,2224,1325,893,1879,0.475,168,530,0.317,502,728,0.69,331,1162,443,277,173,426,631,108.4230973,98.18117606,68.64242424,2265.2
14,Arkansas State,33,13,20,0.394,-7.79,-3.03,4,14,10,8,2,11,2169,2232,1325,777,1799,0.432,209,593,0.352,406,600,0.677,325,1108,433,220,108,385,553,103.3349214,106.3363506,63.60606061,2099
15,Arkansas-Pine Bluff,31,10,21,0.323,-12.52,-4.89,6,12,8,5,2,16,2074,2162,1250,701,1791,0.391,245,776,0.316,427,587,0.727,314,1071,396,250,86,473,611,94.92859758,98.95642622,70.47741935,2184.8
16,Army,33,17,16,0.515,-7.28,-7.73,10,8,10,5,7,8,2412,2322,1330,885,1853,0.478,252,718,0.351,390,570,0.684,280,1132,432,168,70,427,532,108.2585278,104.2190305,67.51515152,2228
17,Auburn NCAA,32,20,12,0.625,14.93,9.28,10,8,14,2,4,8,2327,2146,1285,826,1875,0.441,208,663,0.314,467,665,0.702,375,1159,454,256,164,399,615,107.482679,99.12240185,67.65625,2165
18,Austin Peay,31,9,22,0.29,-12.04,-2.47,3,15,7,8,1,13,2067,2241,1245,743,1790,0.415,222,690,0.322,359,495,0.725,312,972,387,220,94,364,525,101.3235294,109.8529412,65.80645161,2040
19,Ball State,32,20,12,0.625,-0.76,-3.06,11,7,12,2,6,7,2445,2292,1285,841,1785,0.471,240,651,0.369,523,759,0.689,337,1147,422,176,123,391,525,114.1136936,106.9728367,66.95625,2142.6
20,Baylor NCAA,32,22,10,0.688,18.05,11.14,11,7,14,3,5,5,2469,2248,1285,823,1843,0.447,310,834,0.372,513,685,0.749,373,1097,464,213,76,394,556,115.4817587,105.1449953,66.8125,2138
21,Bellarmine,33,15,18,0.455,-7.34,-1.28,9,9,8,6,6,12,2187,2216,1330,797,1738,0.459,264,752,0.351,329,436,0.755,217,960,467,184,45,368,522,105.9901134,107.3955607,62.52727273,2063.4
22,Belmont,32,21,11,0.656,2.29,-1.52,14,6,12,2,7,7,2447,2299,1290,898,1902,0.472,307,791,0.388,344,474,0.726,267,1055,488,225,101,365,499,111.7555718,104.9963464,68.425,2189.6
23,Bethune-Cookman,33,13,20,0.394,-16.47,-7.5,9,10,8,5,4,13,2232,2459,1325,793,1926,0.412,227,627,0.362,419,602,0.696,327,1066,371,236,97,420,575,98.76980264,108.8149394,68.47878788,2259.8
24,Binghamton,31,13,18,0.419,-10.49,-5.56,8,8,8,7,5,11,2133,2217,1260,794,1763,0.45,172,533,0.323,373,523,0.713,301,1086,361,144,98,404,558,102.7852737,106.8330763,66.94193548,2075.2
25,Boise State NCAA,33,24,9,0.727,13.58,6.55,13,5,15,1,5,6,2384,2123,1335,852,1873,0.455,259,710,0.365,421,573,0.735,287,1174,370,169,97,370,538,109.0975654,97.15357862,66.21818182,2185.2
26,Boston College,33,16,17,0.485,1.11,4.74,9,11,9,7,4,7,2197,2317,1330,819,1873,0.437,188,590,0.319,371,512,0.725,308,1093,413,210,118,405,521,101.0207835,106.5385323,65.9030303,2174.8
27,Boston University,32,15,17,0.469,-8.22,-6.64,8,10,9,4,6,11,2147,2151,1300,761,1845,0.412,238,722,0.33,387,524,0.739,328,1136,335,205,79,384,561,101.7246281,101.9141476,65.95625,2110.6
28,Bowling Green State,31,11,20,0.355,-8.1,-3.44,5,13,7,9,4,11,2355,2434,1240,840,1859,0.452,224,658,0.34,451,622,0.725,326,1109,428,188,93,378,550,109.0378739,112.69562,69.67096774,2159.8
29,Bradley,34,25,9,0.735,7.36,-0.61,16,4,15,1,8,5,2411,2114,1365,892,1928,0.463,271,754,0.359,356,532,0.669,329,1201,456,237,134,398,545,109.1048964,95.66476604,64.99411765,2209.8
30,Brigham Young,34,19,15,0.559,9.86,5.83,7,9,12,4,2,7,2568,2376,1365,913,2008,0.455,276,812,0.34,466,650,0.717,374,1272,501,251,135,481,659,108.1263158,100.0421053,69.85294118,2375
31,Brown,27,14,13,0.519,-2.7,-2.92,7,7,7,5,7,8,1878,1872,1086,682,1557,0.438,216,622,0.347,298,464,0.642,241,942,372,194,87,361,438,100.8268012,100.5046709,68.98518519,1862.6
32,Bryant,30,17,13,0.567,-3.66,-4.59,8,8,9,4,7,8,2381,2193,1205,848,1821,0.466,243,714,0.34,442,602,0.734,318,1179,403,200,106,402,518,110.960947,102.1996458,71.52666667,2145.8
33,Bucknell,32,12,20,0.375,-9.97,-7,5,13,7,7,3,13,2161,2192,1290,797,1749,0.456,235,660,0.356,332,463,0.717,260,1084,429,176,121,427,498,102.8459928,104.3213402,65.6625,2101.2
34,Buffalo,32,15,17,0.469,-2.68,0.96,9,9,11,4,3,9,2481,2485,1285,906,2000,0.453,224,696,0.322,445,632,0.704,377,1208,470,254,102,452,602,106.5813214,106.7531575,72.74375,2327.8
35,Butler,32,14,18,0.438,5.82,8.51,6,14,10,6,3,10,2088,2174,1280,771,1767,0.436,207,633,0.327,339,459,0.739,207,958,403,216,138,378,429,98.41628959,102.4698341,66.3,2121.6
36,Cal Poly,33,8,25,0.242,-7.06,-0.09,1,18,6,11,1,13,2006,2174,1330,715,1733,0.413,181,615,0.294,395,531,0.744,281,1080,341,181,82,457,653,94.5601961,102.4794947,64.28484848,2121.4
37,Cal State Bakersfield,33,11,22,0.333,-7.91,-1.04,6,14,6,8,3,12,1995,2134,1340,732,1770,0.414,142,437,0.325,389,512,0.76,311,1055,355,205,100,424,621,95.5551298,102.2128556,63.26666667,2087.8
38,Cal State Fullerton,33,20,13,0.606,2.19,0.19,12,6,11,2,7,8,2283,2148,1360,779,1812,0.43,253,686,0.369,472,681,0.693,303,1108,340,214,85,391,590,105.0911434,98.87681827,65.83030303,2172.4
39,Cal State Northridge,32,7,25,0.219,-9.95,-1.28,4,16,7,8,0,14,2028,2194,1285,695,1735,0.401,184,575,0.32,454,612,0.742,313,1066,314,201,99,400,605,98.12270176,106.1544416,64.5875,2066.8
40,California,32,3,29,0.094,-2.93,8.85,2,18,3,14,0,12,1866,2243,1290,662,1694,0.391,156,524,0.298,386,534,0.723,278,1007,308,151,100,417,548,91.17560833,109.5964038,63.95625,2046.6
41,California Baptist,33,17,16,0.515,0.44,-0.46,7,10,12,5,4,8,2291,2156,1330,811,1898,0.427,276,837,0.33,393,592,0.664,362,1227,471,146,103,379,569,106.4690027,100.1951854,65.20606061,2151.8
42,Campbell,34,16,18,0.471,-5.23,-4.88,8,10,8,6,4,10,2374,2329,1385,830,1777,0.467,228,683,0.334,486,691,0.703,267,1066,416,212,97,404,554,108.3820307,106.3276114,64.42352941,2190.4
43,Canisius,30,10,20,0.333,-6.94,-3.36,8,12,7,7,3,12,2111,2169,1225,763,1809,0.422,255,734,0.347,328,448,0.732,313,1008,431,168,79,357,469,103.8775711,106.7316209,67.74,2032.2
44,Central Arkansas,31,9,22,0.29,-13.59,-3.02,4,14,6,8,2,13,2261,2527,1255,818,1987,0.412,264,818,0.323,361,482,0.749,347,1128,384,202,98,413,508,100.676819,112.5211506,72.44516129,2245.8
45,Central Connecticut State,32,10,22,0.313,-14.06,-9.87,7,9,6,7,4,14,2111,2245,1295,791,1874,0.422,219,669,0.327,310,437,0.709,324,1092,412,179,122,380,451,100.2945648,106.6609654,65.775,2104.8
46,Central Florida,32,18,14,0.563,11.25,5,8,10,11,6,4,6,2311,2111,1315,800,1863,0.429,284,790,0.359,427,554,0.771,373,1120,454,237,124,421,533,108.3653756,98.98715183,66.64375,2132.6
47,Central Michigan,31,10,21,0.323,-11.6,-2.26,5,13,6,8,3,12,2038,2263,1245,702,1688,0.416,191,637,0.3,443,642,0.69,343,1096,333,181,118,494,614,97.24210325,107.9778605,67.60645161,2095.8
48,Charleston Southern,31,10,21,0.323,-9.4,-4.43,5,13,6,8,3,12,2251,2305,1245,819,1850,0.443,251,731,0.343,362,498,0.727,360,1091,373,157,81,365,562,109.5803719,112.2091325,66.26451613,2054.2
49,Charlotte,32,18,14,0.563,3.6,-0.37,9,11,11,4,5,8,2135,2008,1305,788,1673,0.471,256,680,0.376,303,407,0.744,213,957,413,171,82,346,447,108.4416904,101.9910605,61.525,1968.8
50,Chattanooga,35,18,17,0.514,-2.19,-3.19,7,11,9,7,6,9,2702,2523,1405,924,2042,0.452,398,1057,0.377,456,639,0.714,335,1268,536,200,121,407,552,114.027684,106.4736664,67.70285714,2369.6
51,Chicago State,31,11,20,0.355,-10.95,-3.17,,,8,0,3,20,2180,2264,1245,760,1757,0.433,256,755,0.339,404,555,0.728,365,1090,379,175,83,422,561,107.0726916,111.1984283,65.67741935,2036
52,Cincinnati,33,21,12,0.636,11.96,5.05,11,7,15,3,4,6,2548,2284,1330,936,2082,0.45,298,836,0.356,378,542,0.697,361,1217,520,207,131,351,523,111.3247116,99.79028312,69.35757576,2288.8
53,Clemson,33,23,10,0.697,11.21,4.06,14,6,15,1,5,6,2476,2240,1330,874,1862,0.469,276,747,0.369,452,572,0.79,244,1156,472,170,102,369,576,111.7429371,101.0921563,67.14545455,2215.8
54,Cleveland State,34,21,13,0.618,-1.93,-4.96,14,6,13,3,7,9,2437,2314,1380,928,2040,0.455,174,562,0.31,407,599,0.679,428,1213,456,237,114,396,568,108.4267663,102.9542623,66.10588235,2247.6
55,Coastal Carolina,31,11,20,0.355,-8.72,-1.55,5,13,8,8,3,11,2273,2294,1250,816,1880,0.434,223,705,0.316,418,533,0.784,349,1153,383,188,99,379,497,107.0553881,108.0444612,68.49032258,2123.2
56,Colgate NCAA,34,26,8,0.765,2.21,-6.7,17,1,14,2,11,4,2672,2345,1360,1017,1980,0.514,283,694,0.408,355,540,0.657,270,1155,631,237,97,346,427,117.6056338,103.2130282,66.82352941,2272
57,College of Charleston NCAA,34,31,3,0.912,8.45,-4.52,16,2,17,1,11,2,2747,2290,1370,941,2146,0.438,343,1027,0.334,522,704,0.741,464,1377,469,250,107,408,572,115.8289762,96.55928487,69.75294118,2371.6
58,Colorado,33,17,16,0.515,11.99,8.71,8,12,12,4,2,9,2311,2203,1320,844,1943,0.434,215,675,0.319,408,589,0.693,371,1231,430,250,120,441,538,102.77506,97.97207151,68.13939394,2248.6
59,Colorado State,33,15,18,0.455,6.19,6.41,6,12,9,7,4,8,2391,2355,1335,873,1790,0.488,251,689,0.364,394,529,0.745,197,1014,545,187,81,368,537,110.0524717,108.3954709,65.83636364,2172.6
60,Columbia,29,7,22,0.241,-14.67,-2.67,2,12,6,9,1,13,1966,2197,1170,696,1728,0.403,226,714,0.317,348,487,0.715,296,998,340,196,58,401,485,96.95236217,108.3440181,69.92413793,2027.8
61,Connecticut NCAA,32,24,8,0.75,20.87,7.44,13,7,15,2,6,5,2518,2087,1280,886,1925,0.46,289,805,0.359,457,609,0.75,432,1248,555,209,156,415,581,117.0291876,96.99758319,67.2375,2151.6
62,Coppin State,32,9,23,0.281,-14.62,-3.46,4,10,4,6,5,16,2304,2661,1300,779,1790,0.435,268,793,0.338,478,665,0.719,206,973,361,246,81,477,629,99.01160292,114.3532445,72.71875,2327
63,Cornell,28,17,11,0.607,0.34,-2.7,7,7,11,2,6,8,2287,2129,1125,816,1738,0.47,300,851,0.353,355,490,0.724,291,964,489,272,63,348,466,114.8669011,106.9311904,71.10714286,1991
64,Creighton NCAA,33,21,12,0.636,17.67,9.51,14,6,13,2,5,6,2529,2260,1330,908,1943,0.467,294,817,0.36,419,546,0.767,279,1227,525,173,138,384,434,111.5866573,99.71761384,68.67878788,2266.4
65,Dartmouth,28,10,18,0.357,-8.16,-2.7,6,8,7,5,3,11,1998,2027,1135,719,1626,0.442,228,685,0.333,332,475,0.699,236,976,360,153,113,404,476,100.7056452,102.1673387,70.85714286,1984
66,Davidson,32,16,16,0.5,2.2,1.68,8,10,7,8,6,6,2236,2197,1295,785,1774,0.443,216,664,0.325,450,602,0.748,265,1054,420,172,41,347,485,106.6386875,104.7787104,65.525,2096.8
67,Dayton,34,22,12,0.647,8.94,1.33,12,6,14,2,5,6,2334,2075,1370,833,1784,0.467,225,665,0.338,443,634,0.699,321,1229,518,163,149,411,470,109.7010716,97.52773078,62.57647059,2127.6
68,Delaware,33,17,16,0.515,-5.6,-3.75,8,10,10,5,4,10,2298,2333,1330,816,1859,0.439,218,680,0.321,448,616,0.727,286,1069,389,228,131,374,540,104.768852,106.3645482,66.46666667,2193.4
69,Delaware State,30,6,24,0.2,-17.71,-4.96,4,11,4,8,2,14,1939,2265,1210,714,1725,0.414,171,542,0.315,340,494,0.688,336,1047,372,209,79,481,551,93.78022828,109.5473012,68.92,2067.6
70,Denver,32,15,17,0.469,-9.12,-5.45,6,12,9,5,4,11,2325,2402,1300,835,1716,0.487,144,442,0.326,511,713,0.717,290,1126,363,177,98,479,544,106.1546891,109.6703497,68.44375,2190.2
71,DePaul,33,10,23,0.303,2.93,9.05,3,17,7,8,2,12,2349,2551,1340,838,1961,0.427,273,742,0.368,400,541,0.739,305,1070,457,211,156,427,604,102.1570845,110.9419849,69.67878788,2299.4
72,Detroit Mercy,33,14,19,0.424,-3.03,-3.44,9,11,9,5,5,13,2527,2486,1330,876,2024,0.433,338,875,0.386,437,569,0.768,433,1212,413,202,64,390,529,114.4163724,112.5599928,66.92727273,2208.6
73,Drake NCAA,34,27,7,0.794,8.33,-1.13,15,5,14,1,6,6,2561,2173,1390,930,1977,0.47,271,727,0.373,430,559,0.769,276,1215,463,183,89,356,503,112.2950101,95.28194335,67.07647059,2280.6
74,Drexel,32,17,15,0.531,-2.27,-5.43,10,8,12,3,3,9,2135,1997,1305,773,1794,0.431,229,725,0.316,360,527,0.683,330,1120,374,180,103,373,464,104.2582283,97.51928899,63.99375,2047.8
75,Duke NCAA,34,26,8,0.765,15.59,7,14,6,16,0,4,6,2466,2174,1365,884,1959,0.451,233,693,0.336,465,604,0.77,413,1316,503,194,153,409,517,112.2644086,98.97113721,64.60588235,2196.6
76,Duquesne,32,20,12,0.625,4.06,0.12,10,8,16,4,3,7,2394,2268,1282,871,1990,0.438,288,790,0.365,364,529,0.688,397,1145,491,265,124,381,597,109.5351391,103.7701318,68.3,2185.6
77,East Carolina,33,16,17,0.485,0.04,1.73,6,12,10,6,2,9,2271,2327,1320,769,1896,0.406,249,788,0.316,484,704,0.688,403,1223,433,214,87,435,583,102.7787835,105.3131789,66.95757576,2209.6
78,East Tennessee State,32,12,20,0.375,-5.88,-4.32,8,10,7,9,4,9,2211,2208,1285,821,1814,0.453,203,633,0.321,366,546,0.67,343,1122,390,195,99,420,491,104.8165355,104.674315,65.91875,2109.4
79,Eastern Illinois,31,9,22,0.29,-13.84,-6.5,5,13,6,9,3,12,2134,2235,1245,797,1800,0.443,162,493,0.329,378,593,0.637,288,1052,449,260,105,419,559,98.42265474,103.0808966,69.94193548,2168.2
80,Eastern Kentucky,33,20,13,0.606,-2.44,-2.08,12,6,14,2,5,10,2553,2380,1325,958,2202,0.435,283,839,0.337,354,538,0.658,452,1329,502,267,160,401,530,107.8945144,100.5832136,71.7030303,2366.2
81,Eastern Michigan,31,8,23,0.258,-10.7,-1.54,5,13,6,7,2,13,2239,2505,1250,803,1827,0.44,192,608,0.316,441,575,0.767,270,974,299,194,67,367,587,103.9461467,116.2952646,69.48387097,2154
82,Eastern Washington,32,22,10,0.688,1.26,-2.16,16,2,11,2,9,6,2466,2284,1280,880,1784,0.493,282,783,0.36,424,562,0.754,286,1152,495,159,98,435,562,114.2830661,105.8485494,67.43125,2157.8
83,Elon,32,8,24,0.25,-12.79,-4.32,6,12,5,9,3,12,2094,2291,1280,762,1791,0.425,218,722,0.302,352,497,0.708,281,1079,389,196,69,395,515,99.53417625,108.8981842,65.74375,2103.8
84,Evansville,32,5,27,0.156,-14.71,-1.12,1,19,3,10,1,14,1997,2432,1280,729,1839,0.396,199,618,0.322,340,540,0.63,252,1004,328,224,62,392,520,90.97949886,110.7972665,68.59375,2195
85,Fairfield,31,13,18,0.419,-6.93,-4.46,9,11,7,6,4,10,2012,2045,1255,690,1681,0.41,178,621,0.287,454,627,0.724,305,1045,296,170,114,367,472,100.9128298,102.5679607,64.31612903,1993.8
86,Fairleigh Dickinson NCAA,34,19,15,0.559,-11.41,-11.72,10,6,10,5,8,9,2646,2547,1375,971,2133,0.455,275,795,0.346,429,575,0.746,398,1162,509,273,66,391,647,112.3089983,108.106961,69.29411765,2356
87,Florida,32,16,16,0.5,11.83,8.54,9,9,10,5,4,7,2302,2197,1285,811,1845,0.44,216,677,0.319,464,647,0.717,265,1114,398,215,169,353,526,105.027831,100.2372479,68.49375,2191.8
88,Florida A&M,29,7,22,0.241,-17.44,-4.63,5,13,4,7,3,15,1700,2030,1165,595,1536,0.387,167,533,0.313,343,496,0.692,295,953,280,191,105,464,551,89.31385941,106.6512556,65.63448276,1903.4
89,Florida Atlantic NCAA,34,31,3,0.912,13.38,0.5,18,2,17,0,11,3,2679,2209,1370,960,2034,0.472,332,893,0.372,427,596,0.716,358,1315,497,231,84,400,539,115.753543,95.44590391,68.07058824,2314.4
90,Florida Gulf Coast,32,17,15,0.531,-2.53,-2.98,7,11,8,5,6,9,2280,2222,1290,805,1844,0.437,295,832,0.355,375,507,0.74,301,1107,409,219,104,365,497,108.0159181,105.2681448,65.9625,2110.8
91,Florida International,32,14,18,0.438,-3.06,-0.03,8,12,11,7,3,10,2339,2404,1300,867,1861,0.466,219,671,0.326,386,541,0.713,275,1008,397,290,128,473,547,102.7951129,105.6517535,71.10625,2275.4
92,Florida State,32,9,23,0.281,-0.34,6.53,7,13,5,11,4,7,2219,2439,1280,802,1840,0.436,209,633,0.33,406,559,0.726,278,1006,430,197,125,388,519,102.0887008,112.2101583,67.925,2173.6
93,Fordham,33,25,8,0.758,2.38,-2.01,12,6,18,2,6,5,2376,2231,1330,797,1901,0.419,252,792,0.318,530,715,0.741,356,1219,418,238,160,446,647,104.3478261,97.97979798,69,2277
94,Fresno State,31,11,20,0.355,3.2,5.7,6,12,7,7,4,9,1974,2036,1240,720,1673,0.43,210,681,0.308,324,420,0.771,248,938,382,196,103,359,499,101.1270492,104.3032787,62.96774194,1952
95,Furman NCAA,34,27,7,0.794,5.1,-3.91,15,3,14,2,8,3,2791,2421,1375,978,2023,0.483,324,934,0.347,511,690,0.741,337,1207,581,231,109,379,570,119.2225545,103.417343,68.85294118,2341
96,Gardner-Webb,31,15,16,0.484,-3.82,-4.61,10,8,8,5,6,10,2192,2032,1260,813,1741,0.467,196,583,0.336,370,592,0.625,310,1097,399,222,146,403,594,105.8528105,98.12632799,66.8,2070.8
97,George Mason,33,20,13,0.606,1.93,0.47,11,7,14,2,4,7,2268,2220,1330,800,1774,0.451,240,685,0.35,428,657,0.651,302,1180,452,152,103,453,568,103.665783,101.4717982,66.2969697,2187.8
98,George Washington,32,16,16,0.5,-1.75,-0.43,10,8,11,6,5,6,2441,2455,1305,869,1849,0.47,228,710,0.321,475,644,0.738,284,1118,406,182,109,403,526,109.678289,110.3073329,69.55,2225.6
99,Georgetown,32,7,25,0.219,-1.12,7.48,2,18,5,12,1,11,2225,2500,1290,818,1934,0.423,185,599,0.309,404,563,0.718,345,1151,380,197,146,392,462,100.852144,113.3170157,68.94375,2206.2
100,Georgia,32,16,16,0.5,2.18,5.18,6,12,13,4,1,10,2193,2289,1285,728,1774,0.41,215,678,0.317,522,718,0.727,347,1145,358,202,85,423,513,102.6108928,107.1027513,66.7875,2137.2
101,Georgia Southern,33,17,16,0.515,-3.06,-1.82,9,9,12,4,3,11,2257,2201,1325,840,1926,0.436,207,659,0.314,370,539,0.686,325,1165,343,232,94,378,551,102.8433428,100.2916249,66.5030303,2194.6
102,Georgia State,31,10,21,0.323,-6.6,-0.74,3,15,10,9,0,11,2068,2150,1245,745,1789,0.416,164,556,0.295,414,581,0.713,343,1070,342,179,111,400,528,99.49961509,103.4449577,67.04516129,2078.4
103,Georgia Tech,33,15,18,0.455,2.13,4.93,6,14,11,6,3,9,2301,2335,1325,855,2019,0.423,259,773,0.335,332,477,0.696,349,1155,463,197,134,349,524,104.1270703,105.6656711,66.96363636,2209.8
104,Gonzaga NCAA,33,28,5,0.848,20.13,7.51,14,2,15,1,7,2,2888,2406,1325,1076,2035,0.529,256,661,0.387,480,685,0.701,336,1204,547,252,110,349,554,124.3755383,103.6175711,70.36363636,2322
105,Grambling,33,24,9,0.727,-3.65,-8.1,15,3,11,1,9,6,2276,2054,1325,811,1785,0.454,174,489,0.356,480,745,0.644,364,1196,405,242,136,475,624,103.7374658,93.6189608,66.48484848,2194
106,Grand Canyon NCAA,35,24,11,0.686,4.61,0.98,10,7,14,4,5,5,2636,2339,1410,905,1953,0.463,314,819,0.383,512,715,0.716,357,1292,441,172,115,423,632,114.3600868,101.4750542,65.85714286,2305
107,Green Bay,32,3,29,0.094,-20.12,-2.96,2,18,2,10,1,17,1898,2447,1285,656,1665,0.394,218,724,0.301,368,524,0.702,235,905,350,162,76,447,541,90.96137257,117.2721173,65.20625,2086.6
108,Hampton,32,8,24,0.25,-15.11,-4.57,5,13,7,6,1,13,2183,2481,1285,759,1934,0.392,228,709,0.322,437,636,0.687,335,1098,352,138,101,354,587,98.89462716,112.3946725,68.98125,2207.4
109,Hartford,28,5,23,0.179,-23.35,-8.19,,,5,10,0,11,1757,1991,1120,659,1543,0.427,206,620,0.332,233,362,0.644,255,886,364,179,105,403,395,95.70759342,108.45408,65.56428571,1835.8
110,Harvard,28,14,14,0.5,-0.85,-2.15,5,9,5,7,8,6,1914,1858,1130,700,1593,0.439,184,596,0.309,330,493,0.669,299,1015,370,211,107,381,408,102.2326675,99.24153402,66.86428571,1872.2
111,Hawaii,33,22,11,0.667,2.77,-1.76,13,7,13,5,6,4,2208,2039,1335,772,1799,0.429,220,667,0.33,444,594,0.747,320,1165,367,151,125,401,528,104.2689838,96.28825085,64.16969697,2117.6
112,High Point,31,14,17,0.452,-9.84,-5.19,6,12,10,5,2,11,2312,2392,1241,813,1834,0.443,234,720,0.325,452,722,0.626,362,1179,383,203,152,438,573,105.1482627,108.7866109,70.92903226,2198.8
113,Hofstra,33,24,9,0.727,4.89,-3.21,16,2,11,1,10,5,2466,2159,1330,940,1955,0.481,286,779,0.367,300,407,0.737,248,1120,472,207,141,349,474,111.1411574,97.30484947,67.23636364,2218.8
114,Holy Cross,32,10,22,0.313,-14.35,-6.48,7,11,6,9,4,11,2136,2324,1285,812,1862,0.436,219,599,0.366,293,471,0.622,255,1040,398,203,89,387,514,97.87390029,106.4882698,68.2,2182.4
115,Houston NCAA,34,31,3,0.912,23.3,4.77,17,1,16,2,11,0,2551,1921,1360,936,2028,0.462,264,766,0.345,415,577,0.719,435,1319,504,283,162,338,563,118.0035156,88.86113424,63.58235294,2161.8
116,Houston Christian,32,10,22,0.313,-16.87,-6.63,7,11,8,8,2,13,2482,2658,1285,851,1863,0.457,265,726,0.365,515,717,0.718,330,1097,474,184,88,489,575,107.5017325,115.1247401,72.15,2308.8
117,Howard NCAA,34,22,12,0.647,-4.77,-5.77,11,3,12,2,6,8,2566,2446,1365,908,1971,0.461,272,722,0.377,478,669,0.714,394,1217,505,244,108,555,600,106.9344891,101.9336556,70.57647059,2399.6
118,Idaho,32,10,22,0.313,-8.41,-3.57,4,14,6,10,4,11,2335,2332,1296,824,1747,0.472,217,638,0.34,470,617,0.762,222,979,381,164,57,362,539,109.4291874,109.2885931,66.68125,2133.8
119,Idaho State,32,11,21,0.344,-6.28,-2.68,8,10,7,7,4,12,2213,2272,1310,794,1785,0.445,245,725,0.338,380,517,0.735,259,1005,392,185,90,370,564,105.2406315,108.0464143,65.7125,2102.8
120,Illinois NCAA,32,20,12,0.625,15.34,7.65,11,9,15,2,3,7,2389,2143,1295,854,1894,0.451,245,793,0.309,436,641,0.68,363,1214,399,219,181,409,540,108.7688946,97.56874886,68.6375,2196.4
121,Illinois State,32,11,21,0.344,-6.94,-2.94,6,14,8,7,3,9,2127,2255,1300,737,1699,0.434,232,690,0.336,421,531,0.793,280,1045,345,183,105,466,590,101.4112711,107.514065,65.54375,2097.4
122,Illinois-Chicago,32,12,20,0.375,-8.45,-2.74,4,16,7,8,3,11,2149,2292,1290,747,1794,0.416,255,774,0.329,400,611,0.655,269,1037,421,206,150,410,560,98.60512068,105.1665596,68.10625,2179.4
123,Incarnate Word,31,12,19,0.387,-14.74,-7.96,6,12,7,7,3,12,2194,2290,1255,776,1756,0.442,194,557,0.348,448,600,0.747,284,976,382,259,88,425,532,102.6672906,107.1595695,68.93548387,2137
124,Indiana NCAA,33,22,11,0.667,15.62,9.04,12,8,15,2,5,7,2476,2259,1325,939,1919,0.489,187,505,0.37,411,577,0.712,299,1180,509,190,163,383,572,110.8425105,101.1281225,67.69090909,2233.8
125,Indiana State,34,22,12,0.647,5.76,-3.54,13,7,11,4,7,6,2700,2356,1365,951,1972,0.482,322,910,0.354,476,618,0.77,239,1175,541,223,64,401,559,113.3882076,98.94171006,70.03529412,2381.2
126,Iona NCAA,34,27,7,0.794,7.94,-3.44,17,3,11,1,8,4,2597,2210,1365,957,2078,0.461,240,667,0.36,441,603,0.731,382,1216,511,254,189,361,555,113.0014794,96.16221391,67.59411765,2298.2
127,Iowa NCAA,32,19,13,0.594,14.59,8.78,11,9,14,3,4,7,2567,2381,1295,913,2009,0.454,258,752,0.343,483,654,0.739,384,1163,530,212,110,317,470,116.4911962,108.0504629,68.8625,2203.6
128,Iowa State NCAA,32,19,13,0.594,16.51,10.82,9,9,13,3,3,8,2190,2008,1290,820,1822,0.45,209,616,0.339,341,506,0.674,364,1074,450,282,93,419,611,105.318842,96.56631721,64.98125,2079.4
129,IUPUI,32,5,27,0.156,-18.73,-5.29,2,18,4,9,0,15,2089,2456,1285,786,1718,0.458,146,492,0.297,371,537,0.691,297,1011,358,185,81,506,570,97.53478383,114.6699038,66.93125,2141.8
130,Jackson State,33,14,19,0.424,-10.93,-4.96,12,6,7,2,6,14,2232,2429,1338,800,1911,0.419,207,650,0.318,425,630,0.675,384,1137,406,248,82,514,571,97.33972961,105.9310946,69.48484848,2293
131,Jacksonville,29,13,16,0.448,-6.19,-2.53,6,12,7,6,6,10,1837,1816,1160,686,1519,0.452,200,588,0.34,265,353,0.751,220,968,376,148,69,333,409,103.5980149,102.4137153,61.14482759,1773.2
132,Jacksonville State,31,13,18,0.419,-6.53,-2.46,6,12,9,5,3,12,2166,2178,1245,747,1705,0.438,281,747,0.376,391,559,0.699,318,1117,381,172,74,410,510,107.1958824,107.7897654,65.18064516,2020.6
133,James Madison,33,22,11,0.667,5.14,-2.13,12,6,11,3,8,6,2658,2246,1340,933,2019,0.462,263,751,0.35,529,748,0.707,393,1257,444,298,87,435,583,112.6175748,95.161427,71.52121212,2360.2
134,Kansas NCAA,34,27,7,0.794,19.79,12.79,13,5,15,1,7,4,2548,2310,1370,940,2019,0.466,237,689,0.344,431,601,0.717,331,1221,559,299,128,420,563,108.4994038,98.36484415,69.07058824,2348.4
135,Kansas City,32,11,21,0.344,-9.3,-2.8,7,11,6,8,3,11,2060,2199,1295,723,1844,0.392,188,665,0.283,426,598,0.712,430,1183,300,192,117,432,585,98.79148283,105.4575101,65.1625,2085.2
136,Kansas State NCAA,32,23,9,0.719,16.29,9.82,11,7,16,1,4,7,2416,2209,1300,838,1848,0.453,228,670,0.34,512,683,0.75,332,1140,536,246,89,459,566,107.4637488,98.25638288,70.25625,2248.2
137,Kennesaw State NCAA,34,26,8,0.765,0.33,-2.57,15,3,15,1,10,6,2559,2343,1375,904,1957,0.462,281,764,0.368,470,710,0.662,327,1196,490,271,95,423,610,109.4993582,100.2567394,68.73529412,2337
138,Kent State NCAA,34,28,6,0.824,8.07,-1.31,15,3,15,0,9,6,2605,2234,1365,935,2059,0.454,268,797,0.336,467,644,0.725,367,1207,421,303,134,389,647,111.3914308,95.52723852,68.78235294,2338.6
139,Kentucky NCAA,32,21,11,0.656,15.21,8.18,12,6,14,4,6,4,2402,2177,1290,880,1919,0.459,204,577,0.354,438,623,0.703,435,1247,490,207,120,373,516,114.0442503,103.3615041,65.81875,2106.2
140,La Salle,34,15,19,0.441,-2.66,0.1,7,11,8,8,5,8,2374,2468,1375,863,2037,0.424,248,726,0.342,400,577,0.693,384,1217,408,229,110,427,606,102.7349836,106.8028388,67.96470588,2310.8
141,Lafayette,34,11,23,0.324,-8,-4.71,7,11,5,7,5,16,2120,2232,1394,767,1881,0.408,298,911,0.327,288,460,0.626,284,1106,528,196,101,396,523,97.38171796,102.5264125,64.02941176,2177
142,Lamar,31,9,22,0.29,-17.01,-7.26,5,13,6,9,2,12,2104,2311,1250,761,1767,0.431,178,556,0.32,404,574,0.704,364,1119,409,199,104,441,488,101.4660494,111.4486883,66.89032258,2073.6
143,Lehigh,30,16,14,0.533,-9.16,-6.13,11,7,9,6,7,8,2094,2082,1200,752,1698,0.443,205,584,0.351,385,516,0.746,203,1006,370,187,71,353,501,101.9275701,101.3434579,68.48,2054.4
144,Liberty,34,26,8,0.765,8.25,-2.66,15,3,18,1,6,6,2556,2062,1360,917,1925,0.476,358,954,0.375,364,496,0.734,284,1155,555,219,76,352,503,116.6377658,94.09509902,64.45294118,2191.4
145,Lindenwood,32,11,21,0.344,-14.56,-6.11,6,12,9,4,2,14,2226,2362,1305,804,1873,0.429,239,664,0.36,379,520,0.729,288,1099,376,203,105,424,514,100.405954,106.5403699,69.28125,2217
146,Lipscomb,33,20,13,0.606,-1.86,-3.93,11,7,13,2,7,11,2521,2343,1340,943,1983,0.476,266,748,0.356,369,496,0.744,289,1198,466,177,92,399,460,110.0200751,102.2518984,69.43636364,2291.4
147,Little Rock,31,10,21,0.323,-12.39,-6.73,6,12,8,5,2,16,2337,2461,1250,845,1907,0.443,185,567,0.326,462,632,0.731,339,1107,460,209,72,418,609,104.3862784,109.9249598,72.21935484,2238.8
148,Long Beach State,33,17,16,0.515,-0.25,-0.09,11,9,9,5,6,9,2524,2455,1355,949,2086,0.455,146,494,0.296,480,708,0.678,429,1341,494,245,108,466,563,104.8956861,102.0280941,72.91515152,2406.2
149,Long Island University,29,3,26,0.103,-24.91,-7.06,1,15,2,10,1,14,1935,2319,1160,720,1683,0.428,142,420,0.338,353,535,0.66,275,1005,420,192,99,475,511,92.27467811,110.5865522,72.31034483,2097
150,Longwood,32,20,12,0.625,-1.8,-6.4,12,6,12,3,8,8,2341,2119,1280,831,1837,0.452,241,685,0.352,438,607,0.722,357,1111,398,206,70,380,531,111.3277535,100.7704014,65.7125,2102.8
151,Louisiana NCAA,33,26,7,0.788,4.1,-0.94,13,5,14,0,7,7,2575,2304,1325,928,1917,0.484,233,617,0.378,486,711,0.684,370,1214,477,236,102,401,558,115.3467121,103.2073105,67.64848485,2232.4
152,Louisiana State,33,14,19,0.424,3.83,6.95,2,16,10,8,0,9,2231,2334,1320,768,1875,0.41,239,730,0.327,456,632,0.722,376,1156,406,223,88,405,560,103.4402819,108.2158754,65.35757576,2156.8
153,Louisiana Tech,33,15,18,0.455,-0.25,1.55,7,13,9,6,4,11,2383,2320,1350,854,1930,0.442,281,814,0.345,394,546,0.722,359,1145,408,260,87,451,570,106.3649348,103.552937,67.89090909,2240.4
154,Louisiana-Monroe,32,11,21,0.344,-8.34,-0.27,7,11,7,8,4,10,2157,2235,1295,759,1860,0.408,242,690,0.351,397,557,0.713,345,1124,403,220,114,405,484,100.6626843,104.3027814,66.9625,2142.8
155,Louisville,32,4,28,0.125,-5.36,6.48,2,18,4,13,0,11,2046,2425,1280,716,1700,0.421,200,608,0.329,414,559,0.741,294,1031,299,145,90,478,527,97.07724426,115.0597836,65.8625,2107.6
156,Loyola (IL),31,10,21,0.323,-4.49,0.61,4,14,6,8,3,8,2089,2247,1255,757,1638,0.462,220,658,0.334,355,509,0.697,233,960,428,175,94,464,601,100.7912767,108.4145518,66.85806452,2072.6
157,Loyola (MD),33,13,20,0.394,-12.06,-6.16,7,11,9,6,3,13,2222,2331,1325,822,1821,0.451,250,701,0.357,328,509,0.644,301,1035,459,247,78,446,517,102.4151917,107.4391593,65.74545455,2169.6
158,Loyola Marymount,31,19,12,0.613,5.51,4.84,9,7,13,3,4,7,2335,2265,1255,832,1831,0.454,289,792,0.365,382,569,0.671,328,1119,366,169,86,397,602,109.7480729,106.4579808,68.63225806,2127.6
159,Maine,30,13,17,0.433,-8.92,-4.71,7,9,8,4,5,12,2054,2091,1215,784,1711,0.458,198,595,0.333,288,396,0.727,232,924,415,284,62,371,446,102.2704641,104.1127265,66.94666667,2008.4
160,Manhattan,30,12,18,0.4,-9.91,-4.98,10,10,5,9,6,7,2016,2112,1225,733,1682,0.436,205,616,0.333,343,520,0.66,274,952,370,227,105,406,492,99.70326409,104.4510386,67.4,2022
161,Marist,33,13,20,0.394,-8.45,-5.69,6,14,5,10,4,9,2110,2201,1325,745,1819,0.41,253,771,0.328,367,526,0.698,294,1131,357,195,124,392,509,99.18210022,103.4596221,64.46666667,2127.4
162,Marquette NCAA,34,28,6,0.824,17.27,7.91,17,3,17,1,8,4,2718,2400,1380,1007,2066,0.487,301,865,0.348,403,559,0.721,303,1084,598,320,107,365,553,115.5808811,102.0581732,69.16470588,2351.6
163,Marshall,32,24,8,0.75,7.37,-2.6,13,5,15,2,9,5,2616,2281,1295,986,2120,0.465,264,781,0.338,380,548,0.693,395,1247,561,288,169,372,526,112.9436145,98.48026941,72.38125,2316.2
164,Maryland NCAA,33,21,12,0.636,15.08,7.86,11,9,16,1,2,9,2322,2084,1325,820,1826,0.449,226,684,0.33,456,617,0.739,324,1114,380,177,121,347,523,110.7930146,99.43696918,63.50909091,2095.8
165,Maryland-Baltimore County,32,18,14,0.563,-6.3,-7.04,8,8,13,4,5,10,2378,2328,1285,869,1931,0.45,257,754,0.341,383,511,0.75,297,1093,456,180,81,323,467,110.0212825,107.7079671,67.54375,2161.4
166,Maryland-Eastern Shore,31,18,13,0.581,-7.53,-5.38,9,5,10,3,7,9,2162,2054,1245,776,1812,0.428,229,720,0.318,381,530,0.719,305,988,417,345,59,454,515,99.49378739,94.52369995,70.09677419,2173
167,Massachusetts,31,15,16,0.484,-1.24,0.41,6,12,8,6,3,8,2163,2214,1240,775,1868,0.415,182,555,0.328,431,602,0.716,404,1187,423,211,119,443,541,100.7077009,103.0822237,69.28387097,2147.8
168,Massachusetts-Lowell,34,26,8,0.765,0.53,-8.63,11,5,17,0,9,8,2653,2243,1365,965,1995,0.484,236,619,0.381,487,662,0.736,406,1314,486,237,164,466,572,114.3633072,96.68936977,68.22941176,2319.8
169,McNeese State,34,11,23,0.324,-13.22,-5.07,6,12,6,8,5,15,2352,2565,1375,858,1991,0.431,258,793,0.325,378,571,0.662,422,1198,385,246,61,499,655,102.421181,111.6965685,67.54117647,2296.4
170,Memphis NCAA,34,26,8,0.765,14.96,7.1,13,5,13,2,7,5,2713,2446,1375,979,2038,0.48,209,587,0.356,546,731,0.747,351,1220,535,295,155,459,625,111.2614829,100.3116798,71.71764706,2438.4
171,Mercer,33,14,19,0.424,-5.01,-3.88,6,12,7,7,4,10,2268,2211,1335,851,1885,0.451,196,586,0.334,370,536,0.69,342,1144,422,185,71,385,592,105.862584,103.2020164,64.92121212,2142.4
172,Merrimack,34,18,16,0.529,-11.57,-9.51,12,4,10,6,8,8,2128,2119,1360,732,1745,0.419,251,768,0.327,413,599,0.689,229,974,429,380,139,479,482,95.22957129,94.82681464,65.72352941,2234.6
173,Miami (FL) NCAA,32,25,7,0.781,12.42,5.14,15,5,16,1,7,4,2541,2308,1285,927,1908,0.486,243,661,0.368,444,572,0.776,331,1106,478,235,105,363,461,117.161564,106.4182958,67.775,2168.8
174,Miami (OH),32,12,20,0.375,-7.04,-2.01,6,12,9,9,3,9,2357,2385,1285,830,1817,0.457,250,736,0.34,447,568,0.787,287,1022,440,195,94,436,583,107.4685391,108.7452125,68.5375,2193.2
175,Michigan,32,17,15,0.531,12.58,8.91,11,9,13,4,3,7,2339,2221,1310,843,1886,0.447,245,709,0.346,408,580,0.703,284,1170,390,154,151,327,497,108.2369273,102.7764924,67.53125,2161
176,Michigan State NCAA,31,19,12,0.613,14.04,11.2,11,8,12,2,5,7,2177,2089,1255,798,1773,0.45,232,587,0.395,349,458,0.762,276,1106,460,142,90,337,512,107.9218719,103.5593893,65.07096774,2017.2
177,Middle Tennessee,33,19,14,0.576,2.62,1.75,11,9,12,2,3,11,2313,2236,1330,857,1892,0.453,228,674,0.338,371,543,0.683,366,1109,356,249,159,439,579,105.9939511,102.4654019,66.12727273,2182.2
178,Milwaukee,32,21,11,0.656,-4.52,-4,14,6,15,3,6,7,2507,2363,1300,891,1936,0.46,256,727,0.352,469,641,0.732,382,1251,453,224,179,486,575,109.1708762,102.9001916,71.7625,2296.4
179,Minnesota,31,9,22,0.29,0.02,8.18,2,17,6,11,1,9,1949,2202,1250,720,1664,0.433,192,591,0.325,317,512,0.619,262,1017,454,143,124,401,482,97.07142146,109.6722781,64.76774194,2007.8
180,Mississippi,33,12,21,0.364,6.22,7.79,3,15,7,10,2,9,2227,2279,1330,816,1933,0.422,203,671,0.303,392,564,0.695,396,1180,432,235,123,402,525,102.8827497,105.2850411,65.59393939,2164.6
181,Mississippi State NCAA,33,21,12,0.636,12.04,7.13,8,10,12,4,4,6,2175,2013,1340,792,1873,0.423,172,646,0.266,419,648,0.647,422,1239,468,292,113,420,499,102.1030889,94.49816919,64.55151515,2130.2
182,Mississippi Valley State,32,5,27,0.156,-17.84,-4.12,4,14,4,6,1,19,1953,2392,1290,683,1681,0.406,162,464,0.349,425,639,0.665,316,1027,321,243,65,518,573,91.32142523,111.8488731,66.83125,2138.6
183,Missouri NCAA,33,24,9,0.727,12.18,7.27,11,7,16,3,5,5,2623,2461,1330,936,1978,0.473,309,857,0.361,442,583,0.758,299,1001,532,341,89,373,598,114.782076,107.6929809,69.24848485,2285.2
184,Missouri State,32,17,15,0.531,0.82,-0.53,12,8,10,4,5,8,2098,2021,1295,772,1776,0.435,254,767,0.331,300,479,0.626,363,1124,374,199,140,393,497,105.0260312,101.1714057,62.425,1997.6
185,Monmouth,33,7,26,0.212,-15.66,-2.63,5,13,3,10,3,15,2036,2466,1320,746,1856,0.402,134,466,0.288,410,615,0.667,365,1088,395,278,83,476,635,92.0018075,111.4324446,67.06060606,2213
186,Montana,31,17,14,0.548,-0.85,-1.55,10,7,9,4,6,9,2147,2114,1245,762,1650,0.462,244,656,0.372,379,481,0.788,229,942,378,146,74,347,560,109.5184656,107.8351357,63.23870968,1960.4
187,Montana State NCAA,34,25,9,0.735,2.36,-1.74,15,3,12,1,10,5,2523,2265,1370,854,1822,0.469,210,621,0.338,605,797,0.759,283,1127,424,221,101,399,628,111.7954626,100.3633463,66.37647059,2256.8
188,Morehead State,32,21,11,0.656,-7.61,-5.93,14,4,14,2,7,8,2247,2125,1285,779,1767,0.441,236,664,0.355,453,630,0.719,310,1142,442,185,126,389,507,107.1020019,101.2869399,65.5625,2098
189,Morgan State,31,15,16,0.484,-11.47,-5.99,8,7,10,2,3,12,2323,2242,1255,863,1911,0.452,206,559,0.369,391,568,0.688,362,1074,479,303,138,500,647,102.0560583,98.49749583,73.42580645,2276.2
190,Mount St. Mary's,33,13,20,0.394,-8.04,-3.89,8,12,5,9,7,10,2101,2212,1330,771,1818,0.424,220,622,0.354,339,463,0.732,308,1110,410,182,82,450,540,97.93958605,103.1139288,65.00606061,2145.2
191,Murray State,32,17,15,0.531,-4.01,-1.17,11,9,11,2,3,11,2254,2305,1296,805,1824,0.441,197,593,0.332,447,607,0.736,301,1111,391,174,83,349,467,106.5821827,108.9937583,66.0875,2114.8
192,Navy,31,18,13,0.581,-2.83,-6.17,11,7,9,6,9,7,2152,2013,1250,808,1781,0.454,240,647,0.371,296,419,0.706,310,1068,459,215,85,355,494,107.9454254,100.973114,64.30967742,1993.6
193,NC State NCAA,33,23,10,0.697,12.61,5.22,12,8,15,2,4,6,2580,2336,1325,958,2117,0.453,278,796,0.349,386,536,0.72,376,1209,431,262,151,314,574,113.6864369,102.9346964,68.76969697,2269.4
194,Nebraska,32,16,16,0.5,7.39,9.29,9,11,11,4,4,9,2175,2236,1300,819,1790,0.458,214,657,0.326,323,504,0.641,264,1105,418,177,79,406,452,101.9403825,104.7994001,66.675,2133.6
195,Nevada NCAA,32,22,10,0.688,11.32,6.81,12,6,14,1,6,7,2324,2140,1305,774,1742,0.444,227,657,0.346,549,694,0.791,240,1076,455,194,100,328,574,110.267603,101.5372936,65.8625,2107.6
196,Nevada-Las Vegas,32,19,13,0.594,7.83,5.8,7,11,10,7,5,6,2376,2241,1305,819,1895,0.432,262,751,0.349,476,658,0.723,335,1081,411,291,122,394,547,107.1621865,101.0734259,69.2875,2217.2
197,New Hampshire,30,15,15,0.5,-9.11,-5.76,9,7,11,4,4,11,1992,2011,1210,696,1749,0.398,248,725,0.342,352,508,0.693,307,1071,350,161,76,297,452,102.5641026,103.5423746,64.74,1942.2
198,New Mexico,33,22,11,0.667,11.9,5.68,8,10,15,4,5,6,2680,2442,1335,955,1974,0.484,189,531,0.356,581,781,0.744,323,1222,452,221,129,373,562,114.7063859,104.519774,70.8,2336.4
199,New Mexico State,24,9,15,0.375,-1.3,2.7,2,10,6,4,1,9,1769,1720,960,631,1426,0.442,181,534,0.339,326,479,0.681,246,852,291,176,55,305,453,105.5111535,102.5885721,69.85833333,1676.6
200,New Orleans,32,12,20,0.375,-13.87,-7,7,11,6,9,4,10,2340,2536,1286,833,1785,0.467,196,519,0.378,478,674,0.709,309,1032,466,215,70,547,619,102.0675216,110.616767,71.64375,2292.6
201,Niagara,31,16,15,0.516,-6.69,-4.49,10,10,9,4,4,10,2016,2044,1250,736,1642,0.448,196,570,0.344,348,481,0.723,250,944,339,165,71,365,499,103.4164358,104.8527752,62.88387097,1949.4
202,Nicholls State,31,16,15,0.516,-8.11,-5.03,11,7,11,3,4,11,2344,2253,1240,882,1935,0.456,238,698,0.341,342,530,0.645,357,1075,431,302,93,420,639,106.0633484,101.9457014,71.29032258,2210
203,NJIT,30,7,23,0.233,-12.67,-5.71,4,12,5,8,2,15,2008,2182,1220,744,1734,0.429,196,562,0.349,324,488,0.664,261,1022,336,160,85,334,471,100.2896814,108.9801219,66.74,2002.2
204,Norfolk State,33,22,11,0.667,-3.47,-6.37,9,5,10,2,6,8,2501,2264,1332,876,1854,0.472,225,664,0.339,524,704,0.744,362,1185,424,234,122,434,598,113.2904512,102.5548107,66.8969697,2207.6
205,North Alabama,32,18,14,0.563,-8.22,-4.11,10,8,9,4,8,10,2396,2380,1295,872,1882,0.463,245,658,0.372,407,572,0.712,271,1098,372,187,96,357,536,109.0677349,108.3394028,68.65,2196.8
206,North Carolina,33,20,13,0.606,13.02,7.74,11,9,12,3,4,7,2514,2340,1345,866,1997,0.434,234,751,0.312,548,739,0.742,369,1304,397,177,128,355,555,110.3309049,102.6946371,69.04848485,2278.6
207,North Carolina A&T,32,13,19,0.406,-11.24,-3.8,8,10,8,5,4,10,2264,2362,1290,806,1931,0.417,261,785,0.332,391,574,0.681,300,1136,375,240,98,385,547,100.8193801,105.1834699,70.175,2245.6
208,North Carolina Central,30,18,12,0.6,-2.78,-5.97,10,4,13,1,4,10,2268,1977,1220,815,1737,0.469,221,614,0.36,417,594,0.702,328,1073,439,239,97,459,575,107.712766,93.8924772,70.18666667,2105.6
209,North Dakota,33,13,20,0.394,-7.14,-2.62,6,12,8,8,4,11,2380,2438,1330,858,1945,0.441,304,868,0.35,360,527,0.683,304,1101,394,146,88,378,522,106.7360301,109.3371603,67.56969697,2229.8
210,North Dakota State,33,16,17,0.485,-4.05,-1.6,11,7,9,4,5,10,2404,2414,1320,866,1904,0.455,247,735,0.336,425,597,0.712,281,1191,370,130,98,379,509,107.2831132,107.7293824,67.9030303,2240.8
211,North Florida,31,14,17,0.452,-6.58,-2.37,9,9,11,2,3,14,2363,2405,1260,837,1838,0.455,323,881,0.367,366,509,0.719,279,1058,405,154,120,378,435,110.3896104,112.3516771,69.0516129,2140.6
212,North Texas,33,26,7,0.788,9.47,1.6,16,4,12,2,9,3,2119,1839,1335,736,1687,0.436,238,679,0.351,409,545,0.75,359,1111,367,209,97,392,542,109.3395253,94.89164087,58.72727273,1938
213,Northeastern,30,10,20,0.333,-10.37,-4,6,12,6,6,3,12,1959,2150,1210,712,1704,0.418,211,635,0.332,324,473,0.685,331,1081,377,149,123,432,500,98.23488116,107.8126567,66.47333333,1994.2
214,Northern Arizona,35,12,23,0.343,-3.72,-0.05,5,13,6,8,3,13,2581,2615,1420,930,2123,0.438,295,815,0.362,426,576,0.74,354,1189,484,185,53,378,649,108.5639775,109.9941112,67.92571429,2377.4
215,Northern Colorado,32,12,20,0.375,-4.28,-0.28,6,12,6,7,3,12,2355,2480,1290,826,1843,0.448,265,741,0.358,438,588,0.745,263,1068,363,147,54,382,596,107.1818678,112.8709266,68.6625,2197.2
216,Northern Illinois,32,13,19,0.406,-6.16,-2.26,9,9,5,7,7,10,2304,2401,1285,837,1816,0.461,236,678,0.348,394,604,0.652,279,1060,402,207,74,458,617,103.0135026,107.3504426,69.89375,2236.6
217,Northern Iowa,32,14,18,0.438,-2.2,-0.59,9,11,8,8,4,7,2244,2238,1290,810,1788,0.453,238,699,0.34,386,554,0.697,244,1050,372,204,45,385,498,104.3429741,104.0639821,67.20625,2150.6
218,Northern Kentucky NCAA,34,22,12,0.647,-0.98,-3.45,14,6,14,3,6,6,2320,2161,1385,832,1928,0.432,278,794,0.35,378,546,0.692,376,1103,461,320,88,388,523,107.4870274,100.1204596,63.48235294,2158.4
219,Northwestern NCAA,32,21,11,0.656,13.57,8.38,12,8,13,5,7,4,2165,1999,1290,753,1856,0.406,245,764,0.321,414,551,0.751,327,1107,414,255,133,312,517,105.0257107,96.97293102,64.41875,2061.4
220,Northwestern State,33,22,11,0.667,-4.35,-6.66,13,5,10,3,10,7,2463,2378,1330,900,2024,0.445,278,770,0.361,385,547,0.704,400,1114,415,273,79,393,605,110.1619107,106.3601395,67.75151515,2235.8
221,Notre Dame,32,11,21,0.344,2.1,4.6,3,17,11,8,0,10,2227,2307,1285,810,1830,0.443,282,787,0.358,325,426,0.763,210,994,379,150,87,281,456,107.5118277,111.37395,64.73125,2071.4
222,Oakland,32,13,19,0.406,-7.79,-2.62,11,9,8,6,5,10,2347,2442,1305,823,1892,0.435,232,753,0.308,469,604,0.776,268,977,384,239,84,339,448,106.4592216,110.7683934,68.89375,2204.6
223,Ohio,33,19,14,0.576,1.47,-2.29,10,8,14,1,4,11,2602,2413,1325,945,2063,0.458,295,791,0.373,417,571,0.73,399,1239,412,221,73,370,585,115.0106082,106.6566478,68.55757576,2262.4
224,Ohio State,35,16,19,0.457,13.24,9.69,5,15,10,6,1,10,2538,2414,1410,948,2052,0.462,239,650,0.368,403,545,0.739,370,1257,410,181,132,375,573,111.5604396,106.1098901,65,2275
225,Oklahoma,32,15,17,0.469,11.96,11.83,5,13,9,7,2,8,2165,2161,1290,782,1707,0.458,224,638,0.351,377,513,0.735,232,1049,417,183,97,428,518,102.6942415,102.5045062,65.88125,2108.2
226,Oklahoma State,33,18,15,0.545,13.5,11.13,8,10,11,5,4,7,2259,2181,1325,803,1860,0.432,228,732,0.311,425,612,0.694,363,1214,414,188,161,468,570,102.2264458,98.69671463,66.96363636,2209.8
227,Old Dominion,31,19,12,0.613,-0.21,-0.45,11,7,12,4,6,5,2073,2052,1245,735,1760,0.418,164,523,0.314,439,646,0.68,375,1175,328,197,117,348,519,104.0976198,103.0430853,64.23870968,1991.4
228,Omaha,32,9,23,0.281,-10.38,-1.41,4,14,5,7,1,15,2192,2438,1285,797,1805,0.442,183,540,0.339,415,535,0.776,259,1037,380,172,92,400,584,101.4814815,112.8703704,67.5,2160
229,Oral Roberts NCAA,34,30,4,0.882,9.57,-2.96,18,0,16,0,11,4,2864,2384,1360,1039,2168,0.479,367,995,0.369,419,540,0.776,302,1256,504,234,183,320,445,119.2339717,99.25062448,70.64705882,2402
230,Oregon,33,19,14,0.576,13.54,9.93,12,8,13,5,4,6,2332,2213,1325,842,1874,0.449,233,731,0.319,415,585,0.709,365,1223,435,187,158,401,487,108.7686567,103.2182836,64.96969697,2144
231,Oregon State,32,11,21,0.344,0.46,6.98,5,15,10,7,1,10,1959,2144,1280,676,1647,0.41,192,605,0.317,415,551,0.753,254,996,326,172,98,429,570,95.91656874,104.9745398,63.825,2042.4
232,Pacific,33,15,18,0.455,-0.07,2.54,7,9,7,10,7,7,2502,2565,1330,868,1920,0.452,297,761,0.39,469,651,0.72,267,1044,419,179,85,389,628,108.6692147,111.4054899,69.76969697,2302.4
233,Penn State NCAA,35,22,13,0.629,12.77,8.86,10,10,13,4,4,7,2531,2394,1425,926,1995,0.464,364,945,0.385,315,427,0.738,210,1140,488,153,77,315,549,111.4585168,105.4254007,64.88,2270.8
234,Pennsylvania,30,17,13,0.567,0.67,-1.3,9,5,11,4,6,9,2249,2160,1220,812,1749,0.464,244,678,0.36,381,514,0.741,304,1128,444,166,96,382,543,110.6464627,106.2678343,67.75333333,2032.6
235,Pepperdine,31,9,22,0.29,0.37,5.2,2,14,8,8,0,12,2417,2520,1260,898,1930,0.465,253,699,0.362,368,518,0.71,286,1109,469,168,117,436,548,105.6750612,110.1783841,73.78064516,2287.2
236,Pittsburgh NCAA,33,22,11,0.667,9.93,4.29,14,6,14,3,7,5,2512,2326,1320,868,1916,0.453,304,845,0.36,472,620,0.761,341,1193,475,170,134,369,536,114.5985401,106.1131387,66.42424242,2192
237,Portland,33,14,19,0.424,2.13,4.58,5,11,10,7,2,10,2566,2594,1330,836,1837,0.455,317,845,0.375,577,774,0.745,268,1082,488,164,75,420,579,111.633168,112.8513008,69.65454545,2298.6
238,Portland State,31,12,19,0.387,-4.84,-0.26,6,11,6,7,5,9,2363,2340,1240,835,1865,0.448,234,688,0.34,459,631,0.727,289,974,431,220,105,375,700,107.2433512,106.1995098,71.07741935,2203.4
239,Prairie View,33,13,20,0.394,-8.81,-6.49,9,10,9,4,4,14,2226,2256,1345,791,1971,0.401,194,647,0.3,450,652,0.69,390,1170,359,245,121,451,624,97.08653175,98.39497558,69.47878788,2292.8
240,Presbyterian,32,5,27,0.156,-13.59,-5.06,1,17,5,9,0,15,2021,2223,1294,718,1709,0.42,191,616,0.31,394,630,0.625,336,1048,344,176,98,430,617,98.34549878,108.1751825,64.21875,2055
241,Princeton NCAA,29,21,8,0.724,3.1,-2.97,10,4,11,3,8,4,2204,1988,1175,784,1715,0.457,247,717,0.344,389,546,0.712,295,1140,392,143,96,360,471,110.2882306,99.47958367,68.91034483,1998.4
242,Providence NCAA,32,21,11,0.656,12.86,6.08,13,7,15,2,6,6,2499,2282,1305,880,1917,0.459,213,606,0.351,526,706,0.745,392,1226,470,221,146,377,479,114.4021242,104.4680461,68.2625,2184.4
243,Purdue NCAA,34,29,5,0.853,19.4,9.04,15,5,14,2,8,3,2485,2133,1365,865,1883,0.459,234,717,0.326,521,701,0.743,415,1312,527,163,123,372,466,117.1948689,100.5942275,62.36470588,2120.4
244,Purdue-Fort Wayne,32,17,15,0.531,-5.21,-4.71,9,11,9,6,7,8,2364,2234,1286,836,1906,0.439,308,891,0.346,384,545,0.705,318,1139,418,235,74,421,467,106.1517737,100.3143242,69.59375,2227
245,Queens (NC),33,18,15,0.545,-4.22,-4.32,7,11,8,5,7,10,2564,2463,1320,878,1977,0.444,305,873,0.349,503,698,0.721,371,1232,456,204,72,411,531,111.6627471,107.2641756,69.58181818,2296.2
246,Quinnipiac,32,20,12,0.625,-2.41,-5.19,11,9,9,4,9,6,2335,2231,1295,826,1908,0.433,263,725,0.363,420,630,0.667,365,1197,419,196,82,404,525,106.1846294,101.4552069,68.71875,2199
247,Radford,33,19,14,0.576,-2.45,-4.48,12,6,10,3,7,10,2301,2142,1320,849,1841,0.461,220,610,0.361,383,555,0.69,336,1103,390,235,97,392,561,108.5889571,101.0854176,64.21212121,2119
248,Rhode Island,31,9,22,0.29,-4,0.65,5,13,7,9,1,10,2046,2190,1255,696,1765,0.394,168,553,0.304,486,653,0.744,363,1148,347,199,119,437,557,97.4192934,104.2757833,67.7483871,2100.2
249,Rice,33,18,15,0.545,-2.75,0.95,8,12,11,7,6,7,2530,2521,1340,895,1914,0.468,296,829,0.357,444,602,0.738,265,1145,508,190,81,434,509,108.873397,108.4861004,70.41818182,2323.8
250,Richmond,33,15,18,0.455,1.58,0.49,7,11,12,4,1,11,2273,2237,1340,786,1791,0.439,261,790,0.33,440,591,0.745,226,1067,402,189,78,380,499,104.1991382,102.5488219,66.1030303,2181.4
251,Rider,30,16,14,0.533,-3.41,-4.83,13,7,8,5,8,6,2105,2027,1215,793,1746,0.454,150,449,0.334,369,502,0.735,339,1085,341,161,67,345,548,107.7939369,103.7996723,65.09333333,1952.8
252,Robert Morris,33,16,17,0.485,-5.62,-5.36,10,10,11,4,5,10,2287,2205,1325,844,1904,0.443,235,703,0.334,364,505,0.721,337,1145,457,220,135,432,533,103.9073149,100.1817356,66.6969697,2201
253,Rutgers,33,19,14,0.576,15.04,7.49,10,10,14,5,4,7,2240,1991,1325,832,1943,0.428,187,588,0.318,389,554,0.702,381,1221,494,290,128,378,529,103.626943,92.107698,65.5030303,2161.6
254,Sacramento State,32,14,18,0.438,-4.33,-1.29,7,11,9,4,5,10,2114,2169,1305,778,1751,0.444,217,629,0.345,341,489,0.697,348,1141,436,143,85,427,497,104.364139,107.0793839,63.3,2025.6
255,Sacred Heart,33,16,17,0.485,-13.19,-11.32,8,8,9,6,7,11,2332,2351,1330,864,2002,0.432,229,731,0.313,375,553,0.678,349,1180,444,259,108,438,502,100.8563273,101.6780555,70.06666667,2312.2
256,Saint Francis (PA),31,13,18,0.419,-13.92,-9.78,9,7,10,5,3,13,2263,2286,1245,813,1760,0.462,240,633,0.379,397,564,0.704,265,1037,430,137,64,391,510,107.1699185,108.25914,68.11612903,2111.6
257,Saint Joseph's,33,16,17,0.485,-0.24,-0.2,8,10,10,6,4,7,2388,2389,1330,818,1920,0.426,290,882,0.329,462,657,0.703,342,1142,399,216,107,421,578,105.5796268,105.6238394,68.53939394,2261.8
258,Saint Louis,33,21,12,0.636,6.32,3.13,12,6,15,3,4,7,2493,2348,1320,921,1970,0.468,230,645,0.357,421,576,0.731,335,1254,543,166,132,399,558,110.0953895,103.6919272,68.61818182,2264.4
259,Saint Mary's (CA) NCAA,33,26,7,0.788,18.07,7.1,14,2,16,2,6,2,2355,1984,1335,849,1854,0.458,256,689,0.372,401,579,0.693,357,1177,414,225,115,352,547,113.1885033,95.35710853,63.04848485,2080.6
260,Saint Peter's,32,14,18,0.438,-9.93,-5.29,7,13,8,6,4,11,1986,2083,1290,716,1830,0.391,190,648,0.293,364,528,0.689,433,1119,336,200,102,393,681,99.24045573,104.0875475,62.5375,2001.2
261,Sam Houston State,32,25,7,0.781,7.9,0.75,14,4,12,1,10,5,2341,1884,1290,848,1849,0.459,265,689,0.385,380,558,0.681,372,1188,441,270,70,423,580,110.258101,88.73398644,66.35,2123.2
262,Samford,32,21,11,0.656,0.66,-4.2,15,3,13,3,8,7,2519,2290,1300,832,1833,0.454,290,822,0.353,565,756,0.747,319,1137,374,260,83,405,598,113.3969569,103.0881426,69.41875,2221.4
263,San Diego,31,11,20,0.355,-1.61,3.73,4,12,8,9,3,8,2391,2495,1250,849,1882,0.451,244,691,0.353,449,587,0.765,314,1027,398,207,55,355,547,110.8073037,115.6270275,69.60645161,2157.8
264,San Diego State NCAA,33,27,6,0.818,15.95,8.42,15,3,15,1,8,2,2378,2099,1330,838,1886,0.444,237,671,0.353,465,635,0.732,354,1181,443,233,123,389,532,109.3333333,96.50574713,65.90909091,2175
265,San Francisco,34,20,14,0.588,6.52,4.16,7,9,11,5,5,6,2591,2496,1370,883,1975,0.447,349,966,0.361,476,635,0.75,326,1173,436,230,85,469,629,109.232715,105.227656,69.76470588,2372
266,San Jose State,33,20,13,0.606,5.93,5.71,10,8,12,3,5,8,2228,2199,1335,820,1876,0.437,251,771,0.326,337,501,0.673,394,1250,408,133,138,395,514,107.2494464,105.8534707,62.95151515,2077.4
267,Santa Clara,32,23,9,0.719,9.16,5.48,11,5,14,4,6,3,2482,2355,1295,898,1973,0.455,268,725,0.37,418,594,0.704,341,1229,448,192,122,397,507,109.5032207,103.9001147,70.83125,2266.6
268,Seattle,32,20,12,0.625,1.14,0.9,11,7,12,2,7,7,2303,2209,1285,786,1953,0.402,275,870,0.316,456,635,0.718,359,1186,381,196,99,382,581,103.2735426,99.05829596,69.6875,2230
269,Seton Hall,32,17,15,0.531,11,8.38,10,10,10,6,6,6,2192,2084,1280,762,1725,0.442,186,567,0.328,482,708,0.681,340,1121,389,267,142,448,570,103.5818921,98.47840469,66.13125,2116.2
270,Siena,32,17,15,0.531,-3.39,-4.76,11,9,8,5,7,8,2195,2151,1295,766,1769,0.433,213,611,0.349,450,611,0.736,323,1098,409,182,135,420,547,104.0087187,101.9238059,65.95,2110.4
271,South Alabama,35,19,16,0.543,3.8,-0.26,9,9,10,4,4,10,2483,2282,1405,955,2036,0.469,266,770,0.345,307,447,0.687,242,1143,399,212,151,342,512,107.2662865,98.58303093,66.13714286,2314.8
272,South Carolina,32,11,21,0.344,-1.89,6.4,4,14,7,8,4,8,2059,2324,1300,744,1846,0.403,244,755,0.323,327,495,0.661,378,1091,355,157,84,421,512,98.65836128,111.3560134,65.21875,2087
273,South Carolina State,31,5,26,0.161,-16.57,-3.97,2,12,4,6,1,19,2274,2599,1250,838,1980,0.423,213,671,0.317,385,575,0.67,429,1097,435,224,100,486,637,100.3087781,114.6449052,73.12903226,2267
274,South Carolina Upstate,31,16,15,0.516,-7.64,-4.06,10,8,11,2,4,12,2136,2158,1245,782,1704,0.459,204,597,0.342,368,561,0.656,256,976,369,229,137,414,626,102.3773006,103.4317485,67.30322581,2086.4
275,South Dakota,31,12,19,0.387,-9.43,-2.88,7,11,8,6,2,11,2149,2282,1240,755,1750,0.431,275,706,0.39,364,476,0.765,267,1041,385,138,48,360,540,105.6850595,112.2258287,65.59354839,2033.4
276,South Dakota State,32,19,13,0.594,-1.36,-1.62,13,5,10,2,6,9,2270,2233,1290,812,1805,0.45,246,700,0.351,400,505,0.792,223,1040,341,166,92,371,456,105.3364269,103.6194896,67.34375,2155
277,South Florida,32,14,18,0.438,2.16,2.16,7,11,9,9,4,7,2303,2303,1285,844,1894,0.446,236,703,0.336,379,582,0.651,381,1197,429,207,98,437,568,105.5066887,105.5066887,68.2125,2182.8
278,Southeast Missouri State NCAA,35,19,16,0.543,-7.2,-6.72,10,8,9,4,5,11,2718,2659,1425,931,2134,0.436,278,849,0.327,578,808,0.715,341,1232,480,240,113,459,736,105.5452004,103.2541162,73.57714286,2575.2
279,Southeastern Louisiana,32,18,14,0.563,-7.68,-6.41,12,6,10,4,7,8,2483,2432,1305,889,1942,0.458,248,672,0.369,457,616,0.742,329,1107,453,233,58,390,557,110.3849916,108.1177203,70.29375,2249.4
280,Southern,32,15,17,0.469,-8.21,-6.14,11,7,9,2,5,12,2300,2280,1290,804,1872,0.429,244,737,0.331,448,627,0.715,281,1037,451,278,75,468,639,99.57572084,98.70984501,72.18125,2309.8
281,Southern California NCAA,32,22,10,0.688,13.71,8.18,14,6,15,2,5,5,2329,2152,1285,831,1820,0.457,207,600,0.345,458,616,0.744,302,1128,430,225,165,399,550,107.6546177,99.47305168,67.60625,2163.4
282,Southern Illinois,33,23,10,0.697,1.63,-1.65,14,6,13,2,8,6,2168,2026,1325,769,1716,0.448,259,795,0.326,371,513,0.723,228,1040,459,238,70,414,539,102.8853455,96.14654518,63.85454545,2107.2
283,SIU Edwardsville,33,19,14,0.576,-6.3,-7.36,9,9,9,5,7,8,2463,2353,1320,834,1917,0.435,236,718,0.329,559,767,0.729,372,1222,407,228,141,421,576,108.3685322,103.5286871,68.87272727,2272.8
284,Southern Indiana,32,16,16,0.5,-8.27,-7.34,9,9,10,4,5,11,2448,2370,1295,849,1947,0.436,314,832,0.377,436,642,0.679,396,1247,414,233,76,431,587,109.3442916,105.8602823,69.9625,2238.8
285,Southern Methodist,32,10,22,0.313,0.3,5.61,5,13,7,9,1,11,2248,2418,1300,810,1919,0.422,201,646,0.311,427,634,0.674,335,1118,436,226,108,413,556,99.88447525,107.4380165,70.33125,2250.6
286,Southern Mississippi,32,25,7,0.781,4.24,-1.76,14,4,15,0,8,6,2376,2094,1280,859,1876,0.458,222,682,0.326,436,613,0.711,355,1171,468,267,85,379,530,110.7589036,97.61327615,67.0375,2145.2
287,Southern Utah,34,22,12,0.647,3.76,2.16,12,6,13,2,5,8,2812,2529,1380,972,2081,0.467,277,799,0.347,591,809,0.731,361,1290,443,252,112,447,638,112.904521,101.5417972,73.25294118,2490.6
288,St. Bonaventure,32,14,18,0.438,-1.11,-0.2,8,10,11,4,2,11,2136,2165,1290,769,1794,0.429,226,650,0.348,372,529,0.703,301,1048,380,224,108,405,596,101.2514221,102.6260903,65.925,2109.6
289,St. Francis (NY),30,14,16,0.467,-17.02,-11.7,7,9,10,5,4,11,1946,2034,1205,688,1701,0.404,204,577,0.354,366,524,0.698,342,1016,369,223,144,414,460,98.15393927,102.5925552,66.08666667,1982.6
290,St. John's (NY),33,18,15,0.545,8.56,6.41,7,13,12,6,3,9,2552,2481,1340,970,2159,0.449,193,583,0.331,419,599,0.699,433,1324,500,272,123,462,535,105.1244027,102.1997034,73.56363636,2427.6
291,St. Thomas,33,19,14,0.576,-2.72,-4.27,9,9,12,2,4,11,2447,2316,1320,847,1895,0.447,297,844,0.352,456,581,0.785,272,1052,426,196,77,327,574,112.1242669,106.1217009,66.13333333,2182.4
292,Stanford,33,14,19,0.424,10.01,8.04,7,13,9,6,2,8,2321,2256,1320,838,1853,0.452,267,736,0.363,378,545,0.694,342,1137,490,188,106,413,557,108.356676,105.3221289,64.90909091,2142
293,Stephen F. Austin,32,19,13,0.594,0.91,-0.5,11,7,12,4,6,5,2427,2238,1305,867,1834,0.473,203,532,0.382,490,684,0.716,342,1102,482,284,83,493,685,107.4559462,99.08793058,70.58125,2258.6
294,Stetson,30,17,13,0.567,-2.53,-2.53,12,6,9,3,7,9,2298,2200,1225,829,1783,0.465,303,778,0.389,337,436,0.773,299,1028,418,153,96,314,461,116.5078077,111.5392415,65.74666667,1972.4
295,Stonehill,31,14,17,0.452,-13.25,-8.98,10,6,7,4,6,12,2076,2157,1255,720,1633,0.441,239,677,0.353,397,524,0.758,194,963,380,219,88,417,468,100.5034857,104.4248644,66.63225806,2065.6
296,Stony Brook,33,11,22,0.333,-12.44,-4.12,6,12,7,7,3,13,2083,2279,1325,726,1756,0.413,256,794,0.322,375,504,0.744,252,1119,389,144,83,413,499,98.31964505,107.5710375,64.2,2118.6
297,Syracuse,32,17,15,0.531,5.37,4.15,10,10,11,7,5,6,2372,2333,1290,871,1883,0.463,198,547,0.362,432,577,0.749,324,1113,459,241,161,373,427,109.6726466,107.8694285,67.5875,2162.8
298,Tarleton State,33,17,16,0.515,-0.45,2.03,8,9,12,2,2,12,2376,2236,1325,823,1814,0.454,158,467,0.338,572,817,0.7,314,1048,427,321,93,409,677,106.2706861,100.0089453,67.75151515,2235.8
299,TCU NCAA,33,21,12,0.636,16.23,8.96,9,9,13,4,3,7,2481,2241,1325,913,1999,0.457,180,588,0.306,475,678,0.701,378,1180,535,272,156,402,534,108.1422718,97.68110888,69.52121212,2294.2
300,Temple,32,16,16,0.5,4.96,5.58,10,8,9,7,6,6,2227,2247,1305,754,1774,0.425,255,773,0.33,464,613,0.757,311,1126,441,159,128,434,538,103.9585473,104.8921669,66.94375,2142.2
301,Tennessee NCAA,33,23,10,0.697,21.9,8.15,11,7,14,2,4,6,2369,1915,1325,843,1931,0.437,257,780,0.329,426,597,0.714,429,1278,558,273,120,398,553,110.7630447,89.53618852,64.81212121,2138.8
302,Tennessee State,32,18,14,0.563,-8.82,-8.75,10,8,13,4,4,8,2499,2401,1281,868,1935,0.449,281,804,0.35,482,694,0.695,336,1164,427,187,105,403,654,109.6244955,105.3254957,71.2375,2279.6
303,Tennessee Tech,33,16,17,0.485,-9.22,-6.19,11,7,11,5,4,11,2432,2421,1355,860,1967,0.437,302,829,0.364,410,570,0.719,310,1159,476,207,80,416,527,105.6931769,105.2151239,69.72727273,2301
304,Tennessee-Martin,33,19,14,0.576,-8.5,-7.74,10,8,14,2,4,11,2658,2489,1335,945,2058,0.459,255,771,0.331,513,711,0.722,346,1293,450,249,114,394,603,111.1947791,104.1248327,72.43636364,2390.4
305,Texas NCAA,34,26,8,0.765,21.28,10.84,12,6,17,1,4,6,2647,2292,1375,959,2049,0.468,243,717,0.339,486,646,0.752,332,1168,548,274,125,398,599,111.5277661,96.57032106,69.80588235,2373.4
306,Texas A&M NCAA,34,25,9,0.735,14.8,7.77,15,3,15,1,7,4,2490,2251,1360,815,1873,0.435,207,632,0.328,653,860,0.759,418,1252,430,232,80,420,622,112.2127084,101.442091,65.26470588,2219
307,Texas A&M-Commerce,32,13,19,0.406,-10.77,-7.21,9,9,5,6,7,12,2299,2355,1305,836,1839,0.455,269,842,0.319,358,508,0.705,295,1031,458,184,97,408,601,106.6722346,109.2706013,67.35,2155.2
308,Texas A&M-Corpus Christi NCAA,33,23,10,0.697,-2.35,-7.7,14,4,14,2,7,7,2653,2394,1330,923,2020,0.457,257,698,0.368,550,696,0.79,393,1217,518,289,56,428,629,113.6967515,102.5970687,70.70909091,2333.4
309,Texas Southern NCAA,34,14,20,0.412,-9.5,-4.53,7,11,7,6,3,13,2361,2434,1390,868,2033,0.427,162,571,0.284,463,700,0.661,395,1282,396,227,116,497,633,97.76397516,100.7867495,71.02941176,2415
310,Texas State,35,16,19,0.457,-2.08,-0.46,6,12,4,10,7,7,2309,2334,1400,848,1918,0.442,154,501,0.307,459,630,0.729,359,1143,346,220,124,411,630,103.9153915,105.0405041,63.48571429,2222
311,Texas Tech,32,16,16,0.5,13.08,8.74,5,13,11,6,3,7,2347,2208,1290,831,1810,0.459,230,666,0.345,455,630,0.722,334,1125,413,234,93,441,494,108.2065468,101.7980636,67.78125,2169
312,Texas-Rio Grande Valley,32,15,17,0.469,-6.21,-0.28,5,12,12,6,3,10,2518,2502,1290,868,1852,0.469,222,655,0.339,560,802,0.698,345,1211,505,151,104,514,641,107.5241267,106.8408916,73.18125,2341.8
313,The Citadel,32,10,22,0.313,-11.98,-3.63,5,13,5,9,4,11,2158,2374,1280,771,1786,0.432,228,702,0.325,388,514,0.755,234,1015,365,176,85,393,539,100.34409,110.3877988,67.20625,2150.6
314,Toledo,35,28,7,0.8,6.59,-1.93,16,2,13,1,10,4,3002,2686,1400,1059,2129,0.497,299,754,0.397,585,759,0.771,352,1198,522,242,103,351,567,123.4578056,110.4622471,69.47428571,2431.6
315,Towson,33,21,12,0.636,0.28,-4.75,12,6,10,2,8,7,2368,2202,1335,860,1922,0.447,243,663,0.367,405,572,0.708,407,1232,461,205,113,404,538,110.2523512,102.5235124,65.08484848,2147.8
316,Troy,33,20,13,0.606,1.62,-1.01,11,7,11,3,7,8,2414,2204,1330,858,1945,0.441,255,798,0.32,443,632,0.701,362,1151,447,288,86,424,559,106.8236127,97.53075493,68.47878788,2259.8
317,Tulane,31,20,11,0.645,5.82,3.05,12,6,12,3,5,4,2478,2392,1260,861,1873,0.46,241,713,0.338,515,663,0.777,211,1037,485,262,130,351,511,108.7700816,104.9951716,73.49032258,2278.2
318,Tulsa,30,5,25,0.167,-8.07,4.06,1,17,4,10,0,12,1959,2323,1210,715,1733,0.413,230,735,0.313,299,463,0.646,271,958,348,164,45,397,464,95.83211036,113.6385872,68.14,2044.2
319,UAB,35,25,10,0.714,9.78,1.11,14,6,15,2,6,5,2853,2501,1440,1004,2207,0.455,255,710,0.359,590,801,0.737,470,1417,508,288,151,451,616,113.7378409,99.70499123,71.66857143,2508.4
320,UC Davis,32,18,14,0.563,0.1,-1.34,11,8,10,4,5,9,2392,2274,1295,809,1820,0.445,214,630,0.34,560,790,0.709,377,1186,389,227,90,471,600,107.264574,101.9730942,69.6875,2230
321,UC Irvine,34,23,11,0.676,5.07,-0.65,15,5,11,4,9,6,2559,2268,1365,945,2002,0.472,243,633,0.384,426,592,0.72,321,1252,506,236,82,420,644,109.4618872,97.01428694,68.75882353,2337.8
322,UC Riverside,34,22,12,0.647,1.14,0.08,14,6,9,4,9,7,2463,2352,1380,906,2047,0.443,284,784,0.362,367,526,0.698,390,1251,450,175,61,417,629,107.8182455,102.9592015,67.18823529,2284.4
323,UC San Diego,30,10,20,0.333,-6.51,-0.33,5,13,4,10,6,9,2057,2189,1230,740,1720,0.43,228,695,0.328,349,472,0.739,249,1004,359,174,67,362,482,101.7410229,108.2698585,67.39333333,2021.8
324,UC Santa Barbara NCAA,34,27,7,0.794,3.87,-2.19,15,5,12,3,10,4,2454,2231,1365,901,1826,0.493,190,539,0.353,462,635,0.728,275,1090,483,219,86,383,547,112.1572212,101.9652651,64.35294118,2188
325,UCLA NCAA,34,29,5,0.853,22.55,8.93,18,2,17,0,9,2,2513,2050,1360,949,2071,0.458,209,602,0.347,406,562,0.722,394,1213,483,287,131,349,533,111.6491914,91.07872756,66.2,2250.8
326,UNC Asheville NCAA,34,27,7,0.794,-1.47,-5.19,16,2,13,0,10,6,2551,2332,1380,878,1839,0.477,268,687,0.39,527,759,0.694,287,1194,437,216,136,480,527,109.2224696,99.84586402,68.69411765,2335.6
327,UNC Greensboro,32,20,12,0.625,1.71,-2.86,14,4,11,3,8,6,2306,2064,1291,816,1831,0.446,254,718,0.354,420,587,0.716,330,1180,465,228,83,376,535,109.1959466,97.73652808,65.99375,2111.8
328,UNC Wilmington,34,24,10,0.706,-1.2,-3.08,12,6,11,3,8,6,2343,2187,1375,813,1832,0.444,209,624,0.335,508,697,0.729,324,1130,365,230,95,408,624,106.7523237,99.64461454,64.55294118,2194.8
329,UT Arlington,32,11,21,0.344,-4.79,2.32,6,12,6,8,4,9,2125,2190,1285,772,1863,0.414,207,643,0.322,374,570,0.656,407,1148,432,204,96,443,619,99.90597085,102.9619182,66.46875,2127
330,Utah,32,17,15,0.531,11.73,6.91,10,10,12,5,4,7,2197,2043,1285,791,1852,0.427,232,698,0.332,383,541,0.708,357,1254,462,161,126,384,487,104.8487162,97.49928415,65.48125,2095.4
331,Utah State NCAA,34,26,8,0.765,15.23,7.26,13,5,14,2,6,4,2671,2370,1365,919,1916,0.48,321,816,0.393,512,670,0.764,291,1210,573,170,115,411,578,115.9288194,102.8645833,67.76470588,2304
332,Utah Tech,33,14,19,0.424,0.12,1.29,5,13,9,5,3,13,2495,2420,1330,828,1802,0.459,285,749,0.381,554,787,0.704,321,1125,434,219,74,497,647,108.8189114,105.5478018,69.47878788,2292.8
333,Utah Valley,33,25,8,0.758,7.24,0.87,15,3,13,1,10,5,2541,2251,1335,899,1940,0.463,216,656,0.329,527,711,0.741,336,1315,531,218,225,457,592,108.3397288,95.9751002,71.07272727,2345.4
334,UTEP,32,14,18,0.438,-1.04,1.52,7,13,11,7,3,10,2192,2192,1315,796,1776,0.448,158,537,0.294,442,699,0.632,373,1122,385,288,85,505,576,100.2011337,100.2011337,68.3625,2187.6
335,UTSA,32,10,22,0.313,-8.04,0.86,4,16,8,10,2,11,2217,2450,1291,749,1826,0.41,235,703,0.334,484,659,0.734,341,1132,334,137,81,439,563,101.3439386,111.9948802,68.3625,2187.6
336,Valparaiso,32,11,21,0.344,-8.27,-2.3,5,15,8,7,2,12,2206,2355,1310,814,1852,0.44,198,668,0.296,380,522,0.728,251,1087,436,187,83,406,530,99.55772182,106.2821554,69.24375,2215.8
337,Vanderbilt,34,20,14,0.588,9.3,8.89,11,7,12,5,5,6,2465,2451,1370,858,2002,0.429,289,845,0.342,460,646,0.712,382,1230,402,169,153,368,558,109.7311254,109.107906,66.07058824,2246.4
338,Vermont NCAA,33,23,10,0.697,1.73,-3.71,14,2,13,1,9,6,2410,2198,1337,878,1848,0.475,284,791,0.359,370,531,0.697,215,1035,450,197,97,308,490,111.9160398,102.0711433,65.25454545,2153.4
339,Villanova,32,17,15,0.531,10.77,8.65,10,10,10,4,5,8,2250,2168,1285,763,1733,0.44,285,831,0.343,439,531,0.827,226,1009,361,178,54,323,507,110.1645123,106.1496279,63.825,2042.4
340,Virginia NCAA,32,25,7,0.781,13.65,6.09,15,5,15,1,6,5,2170,1928,1285,769,1711,0.449,218,617,0.353,414,591,0.701,264,1025,506,221,135,274,458,110.8613467,98.49800756,61.16875,1957.4
341,Virginia Commonwealth NCAA,34,27,7,0.794,10.15,1.62,15,3,15,3,8,3,2429,2139,1360,846,1818,0.465,207,596,0.347,530,760,0.697,315,1132,449,304,155,454,555,107.4303406,94.60415745,66.5,2261
342,VMI,32,7,25,0.219,-16.14,-3.45,2,16,6,8,1,14,2220,2457,1290,800,1923,0.416,309,880,0.351,311,406,0.766,349,1131,365,172,37,411,484,103.3808326,114.417435,67.10625,2147.4
343,Virginia Tech,33,19,14,0.576,9.55,5.1,8,12,13,4,2,9,2449,2302,1325,901,1917,0.47,275,760,0.362,372,506,0.735,281,1102,513,174,106,328,511,113.0446824,106.2592319,65.64848485,2166.4
344,Wagner,28,15,13,0.536,-12.24,-11.28,8,8,8,4,7,9,1766,1727,1130,655,1627,0.403,181,583,0.31,275,403,0.682,360,1005,339,189,49,335,540,100.1588022,97.9469147,62.97142857,1763.2
345,Wake Forest,33,19,14,0.576,8.22,5.4,10,10,13,3,4,8,2528,2435,1330,878,1909,0.46,315,866,0.364,457,613,0.746,275,1129,444,199,90,399,528,110.9647968,106.8826266,69.03636364,2278.2
346,Washington,32,16,16,0.5,7.25,8.4,8,12,12,6,2,9,2213,2250,1300,786,1823,0.431,209,668,0.313,432,577,0.749,286,1083,368,220,165,448,529,99.8736348,101.5434606,69.24375,2215.8
347,Washington State,33,17,16,0.515,11.35,8.44,11,9,10,3,5,8,2250,2154,1325,789,1859,0.424,296,802,0.369,376,524,0.718,361,1154,391,157,90,397,527,106.9086762,102.3472394,63.77575758,2104.6
348,Weber State,33,18,15,0.545,-2.65,-1.04,12,6,8,4,8,8,2219,2229,1345,779,1727,0.451,218,647,0.337,443,578,0.766,218,1032,351,200,47,422,580,102.626954,103.0894459,65.52121212,2162.2
349,West Virginia NCAA,33,19,14,0.576,16.51,11.23,7,11,13,4,3,8,2518,2344,1325,860,1897,0.453,240,689,0.348,558,753,0.741,367,1117,435,221,102,428,608,111.4553824,103.7535411,68.46060606,2259.2
350,Western Carolina,33,18,15,0.545,-6.22,-4.18,10,8,9,5,6,9,2457,2340,1345,846,1962,0.431,286,829,0.345,479,667,0.718,330,1224,419,179,86,355,571,109.0158843,103.8246517,68.2969697,2253.8
351,Western Illinois,30,16,14,0.533,-7.15,-4.3,9,9,11,4,5,9,2191,2171,1205,795,1755,0.453,209,652,0.321,392,560,0.7,284,1034,410,174,107,322,434,108.6266733,107.6351016,67.23333333,2017
352,Western Kentucky,33,17,16,0.515,-1.17,0.74,8,12,9,5,5,9,2355,2330,1330,839,1907,0.44,249,695,0.358,428,601,0.712,300,1152,416,204,173,383,489,105.5864419,104.4655667,67.58787879,2230.4
353,Western Michigan,31,8,23,0.258,-10.18,-1.97,4,14,7,7,1,15,2166,2295,1240,786,1820,0.432,250,757,0.33,344,482,0.714,379,1146,396,143,68,395,522,106.7626183,113.1210568,65.44516129,2028.8
354,Wichita State,32,17,15,0.531,6.2,3.66,9,9,8,8,7,4,2272,2191,1300,827,1839,0.45,212,685,0.309,406,567,0.716,312,1163,426,203,129,401,478,105.4390199,101.6799703,67.3375,2154.8
355,William & Mary,33,13,20,0.394,-10.99,-4.19,7,11,11,5,1,14,2219,2320,1325,791,1829,0.432,256,698,0.367,381,559,0.682,330,1095,401,199,67,398,533,104.6401962,109.4029992,64.26060606,2120.6
356,Winthrop,32,15,17,0.469,-6.58,-3.55,10,8,10,4,4,11,2360,2382,1285,787,1671,0.471,283,757,0.374,503,681,0.739,260,993,366,164,98,447,538,110.7773188,111.8099887,66.575,2130.4
357,Wisconsin,31,17,14,0.548,10.64,9.51,9,11,9,6,5,6,2013,1978,1270,737,1778,0.415,252,720,0.35,287,428,0.671,245,968,361,189,45,270,496,101.9653531,100.192483,63.68387097,1974.2
358,Wofford,33,17,16,0.515,-4.85,-3.15,8,10,12,4,4,11,2466,2392,1340,906,1916,0.473,247,748,0.33,407,552,0.737,312,1088,412,188,68,361,468,112.8191051,109.433617,66.23636364,2185.8
359,Wright State,33,18,15,0.545,-2.13,-5.68,10,10,9,6,7,8,2637,2432,1350,1031,2077,0.496,205,574,0.357,370,502,0.737,304,1212,495,207,99,419,514,110.2056169,101.6382481,72.50909091,2392.8
360,Wyoming,31,9,22,0.29,2.59,6.69,4,14,7,8,1,8,2144,2234,1245,740,1680,0.44,268,768,0.349,396,557,0.711,246,994,345,151,79,371,488,105.7303482,110.1686557,65.41290323,2027.8
361,Xavier NCAA,34,25,9,0.735,16.4,9.05,15,5,15,2,7,4,2768,2518,1365,1027,2077,0.494,257,650,0.395,457,640,0.714,359,1280,655,222,108,429,540,115.1893467,104.7856846,70.67647059,2403
362,Yale,29,21,8,0.724,7.89,-2.22,10,4,10,2,8,6,2211,1826,1170,817,1698,0.481,217,599,0.362,360,517,0.696,285,1095,426,183,120,324,504,113.7462702,93.93970573,67.02758621,1943.8
363,Youngstown State,33,24,9,0.727,1.7,-6.2,15,5,14,2,9,6,2721,2396,1345,995,2026,0.491,263,715,0.368,468,602,0.777,341,1170,511,232,89,368,533,118.6241172,104.4554887,69.50909091,2293.8
